#{"t_start": 1724389726.8595183, "env_id": "BreakoutNoFrameskip-v4"}
r,l,t
0.0,530,19.456655
2.0,901,26.157124
3.0,1078,34.212702
1.0,717,39.312678
1.0,655,43.852805
1.0,641,48.328069
4.0,1204,57.499473
0.0,512,60.992881
1.0,712,66.119336
0.0,536,69.750424
0.0,543,73.406627
0.0,527,76.960053
