#{"t_start": 1724380301.294901, "env_id": "BreakoutNoFrameskip-v4"}
r,l,t
2.0,806,9.286927
0.0,520,11.583454
0.0,512,13.829928
3.0,945,18.328801
0.0,536,20.675587
0.0,537,23.056497
1.0,630,25.947364
1.0,647,28.841104
0.0,513,31.204144
1.0,720,34.541719
0.0,527,36.864269
1.0,719,40.154297
2.0,754,43.521379
1.0,693,46.702447
