#{"t_start": 1724389727.1007125, "env_id": "BreakoutNoFrameskip-v4"}
r,l,t
0.0,543,19.226165
1.0,707,24.32685
1.0,689,29.336952
2.0,813,35.251778
0.0,525,38.897718
2.0,894,45.455678
1.0,644,49.92579
4.0,1212,59.120828
0.0,524,62.744907
0.0,529,66.282425
2.0,907,72.928882
1.0,648,77.518978
