#{"t_start": 1724380301.4429045, "env_id": "BreakoutNoFrameskip-v4"}
r,l,t
0.0,536,7.627228
4.0,1294,13.88519
1.0,702,17.228424
0.0,525,19.625565
0.0,532,21.983558
8.0,1804,30.875186
1.0,642,33.773338
2.0,912,38.135262
0.0,525,40.456594
0.0,528,42.741429
0.0,506,44.931784
