#{"t_start": 1724380302.784849, "env_id": "BreakoutNoFrameskip-v4"}
r,l,t
1.0,655,6.96545
0.0,528,9.343501
0.0,535,11.632904
1.0,667,14.608365
0.0,527,17.015389
2.0,753,20.512317
0.0,539,22.893589
1.0,613,25.75512
0.0,527,28.092073
1.0,629,31.04579
0.0,532,33.395332
1.0,641,36.296683
0.0,527,38.643059
0.0,523,40.949872
1.0,700,44.147987
