#{"t_start": 1724389729.2738724, "env_id": "BreakoutNoFrameskip-v4"}
r,l,t
0.0,536,16.971656
1.0,632,21.513264
0.0,519,25.058447
0.0,535,28.665513
0.0,519,32.236728
0.0,530,35.914988
1.0,651,40.510883
3.0,937,47.50144
0.0,511,51.070097
1.0,705,56.21983
1.0,653,60.804154
5.0,1416,71.39157
