#{"t_start": 1724380302.9322464, "env_id": "BreakoutNoFrameskip-v4"}
r,l,t
0.0,524,6.154827
4.0,1204,11.977885
0.0,501,14.27943
3.0,1112,19.683275
4.0,1199,25.562624
1.0,710,28.858619
2.0,916,33.222217
0.0,529,35.595862
2.0,907,39.881046
1.0,637,42.750707
