#{"t_start": 1724389729.5135918, "env_id": "BreakoutNoFrameskip-v4"}
r,l,t
2.0,928,19.982032
0.0,511,23.655586
4.0,1204,32.683961
0.0,521,36.337922
4.0,1277,46.011705
1.0,710,51.188991
0.0,525,54.78449
0.0,529,58.478651
0.0,527,62.0803
0.0,517,65.663067
0.0,519,69.230384
3.0,1030,76.807019
