#{"t_start": 1724380303.0782278, "env_id": "BreakoutNoFrameskip-v4"}
r,l,t
0.0,537,6.065442
0.0,533,8.464694
0.0,541,10.769423
1.0,716,13.992102
1.0,620,16.908788
0.0,523,19.274303
0.0,527,21.623797
2.0,930,25.976467
3.0,1001,30.837838
0.0,511,33.187325
3.0,1086,38.460544
1.0,639,41.359314
3.0,943,45.671887
