#{"t_start": 1724389729.7544389, "env_id": "BreakoutNoFrameskip-v4"}
r,l,t
0.0,513,16.31726
0.0,533,20.061649
1.0,645,24.590535
1.0,713,29.629561
0.0,523,33.313813
2.0,755,38.853444
1.0,659,43.505858
0.0,525,47.031685
2.0,875,53.584077
2.0,829,59.722164
1.0,711,64.887552
0.0,520,68.432473
