#{"t_start": 1724380303.2230825, "env_id": "BreakoutNoFrameskip-v4"}
r,l,t
0.0,534,5.928177
1.0,708,9.190187
2.0,810,12.973813
0.0,534,15.322033
0.0,524,17.727254
1.0,615,20.595807
3.0,1039,25.498641
5.0,1422,32.434482
0.0,525,34.827667
0.0,529,37.179471
2.0,836,41.028048
0.0,516,43.333359
