#{"t_start": 1724389729.995499, "env_id": "BreakoutNoFrameskip-v4"}
r,l,t
1.0,711,17.752643
2.0,762,23.279807
2.0,904,29.950688
3.0,1036,37.528851
1.0,700,42.644391
2.0,801,48.597308
0.0,535,52.24498
3.0,1018,59.731856
1.0,701,64.745198
2.0,807,70.573052
0.0,533,74.141579
0.0,509,77.723689
