#{"t_start": 1724389730.2353334, "env_id": "BreakoutNoFrameskip-v4"}
r,l,t
0.0,524,15.93429
0.0,540,19.65083
9.0,1690,32.646108
3.0,1022,40.208671
2.0,931,46.963132
2.0,837,53.174172
1.0,704,58.314462
0.0,519,61.878359
0.0,531,65.514048
2.0,907,72.089706
0.0,535,75.756294
