#{"t_start": 1724380303.3675303, "env_id": "BreakoutNoFrameskip-v4"}
r,l,t
2.0,906,7.672464
0.0,533,9.965141
2.0,802,13.736951
4.0,1218,19.639946
0.0,543,22.034033
1.0,725,25.407806
1.0,626,28.273828
3.0,927,32.763041
1.0,715,36.064112
0.0,511,38.313138
1.0,699,41.460521
