#{"t_start": 1724380303.5121448, "env_id": "BreakoutNoFrameskip-v4"}
r,l,t
3.0,937,7.737179
0.0,525,10.024108
3.0,1012,14.810529
6.0,1125,20.261981
0.0,516,22.570678
0.0,529,24.905103
0.0,520,27.22879
0.0,523,29.58566
5.0,1318,36.098262
3.0,998,40.900181
1.0,720,44.135176
