#{"t_start": 1724389730.4755282, "env_id": "BreakoutNoFrameskip-v4"}
r,l,t
3.0,1014,19.752308
2.0,825,25.755224
4.0,1226,34.942569
5.0,1413,45.604453
1.0,705,50.75648
0.0,537,54.45441
0.0,512,58.084517
0.0,516,61.56889
0.0,515,65.137113
1.0,691,70.203331
1.0,636,74.633797
