#{"t_start": 1724389730.7145417, "env_id": "BreakoutNoFrameskip-v4"}
r,l,t
1.0,711,16.987195
1.0,708,22.120662
1.0,708,27.145319
3.0,912,33.786169
3.0,947,40.76552
2.0,825,46.758797
0.0,541,50.449152
1.0,713,55.622185
2.0,806,61.529337
1.0,711,66.695905
3.0,1096,74.767896
