#{"t_start": 1724380303.6579523, "env_id": "BreakoutNoFrameskip-v4"}
r,l,t
1.0,719,6.432149
1.0,636,9.315715
0.0,529,11.606951
0.0,540,13.990482
4.0,1206,19.867454
0.0,533,22.23099
0.0,534,24.556991
0.0,507,26.76386
1.0,701,30.100047
0.0,500,32.40848
1.0,635,35.266407
5.0,1427,42.088789
