#{"t_start": 1724389730.9531677, "env_id": "BreakoutNoFrameskip-v4"}
r,l,t
1.0,636,16.215676
0.0,521,19.910228
1.0,701,24.977147
3.0,938,31.806701
1.0,719,37.042989
0.0,520,40.658747
1.0,644,45.198332
0.0,531,48.903558
0.0,509,52.497896
0.0,529,56.1001
1.0,648,60.682964
3.0,998,68.081037
2.0,903,74.750473
