#{"t_start": 1724380303.8034632, "env_id": "BreakoutNoFrameskip-v4"}
r,l,t
2.0,840,6.953066
3.0,997,11.681845
5.0,1265,17.911413
2.0,760,21.438578
0.0,520,23.755903
0.0,520,26.037863
0.0,524,28.396879
1.0,719,31.753005
0.0,509,34.058152
1.0,641,36.955218
0.0,528,39.32407
2.0,813,43.071725
