#{"t_start": 1724380303.9516015, "env_id": "BreakoutNoFrameskip-v4"}
r,l,t
2.0,767,6.48038
4.0,1204,12.257102
2.0,755,15.787786
3.0,927,20.192246
0.0,508,22.469272
2.0,839,26.341675
1.0,695,29.648748
2.0,825,33.552007
3.0,1084,38.800824
2.0,910,43.026896
