#{"t_start": 1724389731.1944177, "env_id": "BreakoutNoFrameskip-v4"}
r,l,t
2.0,799,17.33968
0.0,508,20.914662
0.0,521,24.448872
1.0,723,29.601786
2.0,904,36.293809
0.0,524,39.851933
2.0,898,46.577604
1.0,640,51.148736
1.0,702,56.281194
2.0,830,62.279635
1.0,620,66.717672
2.0,917,73.447779
