#{"t_start": 1724389731.4331968, "env_id": "BreakoutNoFrameskip-v4"}
r,l,t
0.0,531,14.921184
2.0,753,20.332814
3.0,1007,27.81602
0.0,536,31.491511
0.0,508,35.128038
0.0,509,38.736062
0.0,527,42.333709
0.0,523,45.926576
0.0,520,49.620131
3.0,1085,57.850028
0.0,529,61.462927
0.0,525,65.033866
3.0,953,72.028429
