#{"t_start": 1724380304.1048186, "env_id": "BreakoutNoFrameskip-v4"}
r,l,t
2.0,759,6.246194
5.0,1402,12.974976
1.0,706,16.334903
2.0,820,20.192641
3.0,932,24.696941
1.0,621,27.566397
0.0,519,29.902496
0.0,516,32.20774
2.0,804,36.020424
0.0,518,38.363692
0.0,521,40.639854
1.0,645,43.50292
