#{"t_start": 1724389727.3454945, "env_id": "BreakoutNoFrameskip-v4"}
r,l,t
4.0,1130,23.89909
3.0,1022,31.457461
0.0,527,35.106197
0.0,512,38.703113
0.0,512,42.298722
2.0,806,48.128388
0.0,513,51.728324
0.0,520,55.387646
1.0,699,60.364619
0.0,507,63.922433
1.0,618,68.324082
0.0,508,71.831375
0.0,491,75.284677
