#{"t_start": 1724380301.5937054, "env_id": "BreakoutNoFrameskip-v4"}
r,l,t
1.0,702,8.514375
7.0,1711,16.882247
0.0,504,19.156109
1.0,640,22.103827
1.0,704,25.416443
3.0,1022,30.294003
0.0,521,32.678143
0.0,520,35.014834
1.0,646,37.941484
2.0,743,41.477035
1.0,693,44.615382
