#{"t_start": 1724380304.2512941, "env_id": "BreakoutNoFrameskip-v4"}
r,l,t
1.0,624,5.405994
0.0,537,7.787857
1.0,710,10.947655
1.0,620,13.874122
0.0,543,16.275752
2.0,824,20.134558
5.0,1400,26.969348
0.0,526,29.326128
2.0,894,33.691442
1.0,701,36.958906
2.0,818,40.76177
0.0,499,42.980314
