#{"t_start": 1724389731.67338, "env_id": "BreakoutNoFrameskip-v4"}
r,l,t
0.0,525,14.69184
0.0,529,18.28477
3.0,1023,25.843054
3.0,883,32.439788
0.0,528,35.982033
1.0,654,40.581312
3.0,1002,48.115606
1.0,712,53.223819
5.0,1326,63.319324
0.0,516,66.88751
4.0,1207,75.924864
