#{"t_start": 1724389731.9146512, "env_id": "BreakoutNoFrameskip-v4"}
r,l,t
0.0,509,14.348602
4.0,1216,23.50051
1.0,693,28.566685
0.0,514,32.159983
0.0,536,35.846616
2.0,751,41.427813
1.0,700,46.505534
0.0,524,50.209589
0.0,541,53.884504
3.0,1002,61.361146
0.0,516,64.988964
1.0,640,69.546144
0.0,513,73.102081
