#{"t_start": 1724380304.4004035, "env_id": "BreakoutNoFrameskip-v4"}
r,l,t
2.0,809,6.276542
3.0,950,10.692814
0.0,517,13.080156
1.0,700,16.404477
0.0,528,18.722779
3.0,919,23.187127
0.0,513,25.468094
2.0,736,28.945332
2.0,834,32.867669
3.0,938,37.384276
0.0,509,39.676335
0.0,513,41.898731
