#{"t_start": 1724389732.1541946, "env_id": "BreakoutNoFrameskip-v4"}
r,l,t
0.0,541,14.223578
1.0,647,18.722221
5.0,1332,28.74651
10.0,1838,42.790737
2.0,814,48.777989
2.0,757,54.320412
2.0,836,60.340195
