#{"t_start": 1724380304.548004, "env_id": "BreakoutNoFrameskip-v4"}
r,l,t
0.0,541,4.614482
1.0,720,7.89431
3.0,1094,13.07751
1.0,704,16.35916
5.0,1342,22.906622
2.0,815,26.699186
0.0,526,29.060957
6.0,1120,34.503833
2.0,912,38.782579
2.0,886,42.92251
