#{"t_start": 1724389732.39403, "env_id": "BreakoutNoFrameskip-v4"}
r,l,t
4.0,1207,19.443221
0.0,536,23.092235
3.0,1015,30.643302
1.0,708,35.704188
1.0,708,40.720585
0.0,505,44.234156
1.0,709,49.461853
0.0,515,53.012823
0.0,523,56.692584
1.0,624,61.043808
1.0,724,66.090481
2.0,830,72.052801
