#{"t_start": 1724380304.6956065, "env_id": "BreakoutNoFrameskip-v4"}
r,l,t
3.0,1088,7.396106
0.0,529,9.633539
0.0,520,11.93356
1.0,640,14.876525
3.0,1120,20.262685
0.0,519,22.623689
0.0,505,24.872623
0.0,531,27.247017
0.0,523,29.6695
0.0,523,32.010912
0.0,543,34.36448
0.0,538,36.714304
0.0,514,39.017897
0.0,511,41.273084
0.0,524,43.545681
