#{"t_start": 1724389732.635237, "env_id": "BreakoutNoFrameskip-v4"}
r,l,t
3.0,940,16.938234
0.0,527,20.61119
1.0,691,25.63732
2.0,800,31.564092
0.0,507,35.167196
1.0,704,40.292769
0.0,513,43.866827
1.0,688,48.977912
0.0,518,52.646645
0.0,505,56.208825
5.0,1406,66.816912
0.0,511,70.384625
