#{"t_start": 1724380304.8441992, "env_id": "BreakoutNoFrameskip-v4"}
r,l,t
0.0,528,4.255802
0.0,528,6.605908
0.0,490,8.816004
0.0,508,11.091449
0.0,507,13.44004
0.0,507,15.75101
2.0,805,19.605512
0.0,508,21.916797
2.0,810,25.738896
1.0,626,28.667096
1.0,692,31.967842
1.0,611,34.794278
1.0,618,37.669404
2.0,772,41.169743
