#{"t_start": 1724389732.874614, "env_id": "BreakoutNoFrameskip-v4"}
r,l,t
1.0,628,14.308699
0.0,512,17.840568
2.0,816,23.889838
0.0,519,27.48188
1.0,696,32.511648
2.0,827,38.491294
0.0,499,42.00708
0.0,508,45.681801
0.0,511,49.325048
0.0,519,52.936086
7.0,1858,67.211272
1.0,717,72.250821
