#{"t_start": 1724380304.9926815, "env_id": "BreakoutNoFrameskip-v4"}
r,l,t
0.0,524,4.17908
1.0,712,7.503802
1.0,695,10.674993
0.0,519,13.013333
0.0,513,15.330588
0.0,521,17.605702
1.0,629,20.573211
0.0,516,22.937573
1.0,624,25.806952
0.0,519,28.157852
0.0,490,30.4175
0.0,534,32.763707
1.0,646,35.707857
0.0,523,38.030393
