#{"t_start": 1724380305.139932, "env_id": "BreakoutNoFrameskip-v4"}
r,l,t
0.0,539,4.038552
0.0,535,6.3559
3.0,958,10.772539
1.0,635,13.746439
2.0,820,17.584039
0.0,528,19.981645
1.0,628,22.834794
0.0,511,25.109878
0.0,516,27.437317
2.0,806,31.360636
0.0,504,33.63175
2.0,906,37.949095
1.0,718,41.203952
