#{"t_start": 1724389733.1155453, "env_id": "BreakoutNoFrameskip-v4"}
r,l,t
0.0,515,12.977137
0.0,527,16.585027
0.0,534,20.264727
0.0,515,23.819357
0.0,528,27.410458
0.0,521,31.013881
0.0,524,34.612452
0.0,518,38.290015
2.0,829,44.329233
3.0,992,51.862206
1.0,714,57.074685
5.0,1344,67.131866
2.0,824,73.147849
