#{"t_start": 1724389733.353464, "env_id": "BreakoutNoFrameskip-v4"}
r,l,t
2.0,801,15.235144
0.0,539,18.926028
0.0,523,22.455663
0.0,513,25.912931
6.0,1275,35.483963
0.0,505,39.035312
3.0,1098,47.262809
1.0,693,52.379079
0.0,513,55.94558
1.0,643,60.393179
3.0,1084,68.359659
1.0,732,73.503646
