#{"t_start": 1724380305.2875667, "env_id": "BreakoutNoFrameskip-v4"}
r,l,t
2.0,882,5.76606
3.0,935,10.077965
0.0,539,12.455912
3.0,1113,17.812702
2.0,760,21.326871
2.0,876,25.486655
1.0,688,28.750301
0.0,517,31.129431
1.0,705,34.398194
1.0,728,37.710633
3.0,1114,42.91055
