#{"t_start": 1724380305.4346366, "env_id": "BreakoutNoFrameskip-v4"}
r,l,t
0.0,541,3.752264
1.0,693,7.017279
0.0,514,9.245585
0.0,541,11.599722
0.0,508,13.927329
5.0,1400,20.811053
2.0,740,24.253324
3.0,931,28.766064
2.0,901,33.001554
2.0,802,36.814984
2.0,843,40.643217
