#{"t_start": 1724389733.5942802, "env_id": "BreakoutNoFrameskip-v4"}
r,l,t
3.0,1109,17.336998
1.0,697,22.415853
0.0,505,25.92737
1.0,645,30.418876
1.0,709,35.59349
2.0,899,42.202797
2.0,814,48.275598
2.0,809,54.238771
0.0,531,57.792019
3.0,1006,65.31926
2.0,906,71.847195
