#{"t_start": 1724380305.584586, "env_id": "BreakoutNoFrameskip-v4"}
r,l,t
1.0,637,4.121587
0.0,527,6.404186
0.0,523,8.662081
0.0,512,10.962266
0.0,513,13.279531
0.0,499,15.602245
2.0,822,19.45602
1.0,626,22.302024
1.0,716,25.613482
0.0,517,28.034078
0.0,519,30.369469
0.0,533,32.730278
0.0,527,35.029359
0.0,504,37.303348
0.0,526,39.614024
