#{"t_start": 1724389733.8329704, "env_id": "BreakoutNoFrameskip-v4"}
r,l,t
1.0,643,13.42499
0.0,536,17.058583
0.0,524,20.655904
1.0,706,25.761744
3.0,1102,34.015034
0.0,507,37.615736
2.0,822,43.573815
0.0,529,47.270567
0.0,509,50.854679
3.0,937,57.851038
0.0,519,61.423875
1.0,718,66.466194
0.0,527,70.029724
