#{"t_start": 1724389727.5898817, "env_id": "BreakoutNoFrameskip-v4"}
r,l,t
0.0,517,18.638937
1.0,641,23.182695
1.0,639,27.741484
3.0,1014,35.359456
0.0,515,38.922456
0.0,512,42.528312
3.0,1020,50.095103
0.0,508,53.732304
2.0,780,59.312569
2.0,887,65.909694
2.0,838,71.912607
2.0,894,78.54995
