#{"t_start": 1724380301.7428846, "env_id": "BreakoutNoFrameskip-v4"}
r,l,t
0.0,510,7.283696
2.0,902,11.541737
0.0,519,13.814265
2.0,815,17.729625
0.0,523,20.087016
0.0,519,22.46004
4.0,1288,28.666939
4.0,1128,34.246734
2.0,831,38.111444
0.0,507,40.412812
0.0,523,42.658563
