#{"t_start": 1724389734.072916, "env_id": "BreakoutNoFrameskip-v4"}
r,l,t
2.0,794,14.479058
1.0,620,19.040163
1.0,700,24.072338
1.0,647,28.592899
4.0,1251,37.956775
0.0,523,41.535589
0.0,541,45.256291
2.0,910,51.985763
0.0,516,55.598774
0.0,531,59.141015
1.0,648,63.592039
0.0,505,67.138081
0.0,532,70.707349
