#{"t_start": 1724380305.7340436, "env_id": "BreakoutNoFrameskip-v4"}
r,l,t
0.0,516,3.459585
1.0,630,6.410635
1.0,698,9.564473
1.0,713,12.863375
0.0,543,15.266359
0.0,524,17.581561
1.0,720,20.855374
3.0,1016,25.685086
0.0,516,28.055572
2.0,839,31.978546
1.0,655,34.92445
0.0,513,37.238428
1.0,705,40.369949
