#{"t_start": 1724389734.3138359, "env_id": "BreakoutNoFrameskip-v4"}
r,l,t
1.0,694,13.460536
2.0,917,20.185318
0.0,511,23.708585
0.0,532,27.287184
0.0,543,30.977126
5.0,1399,41.551716
3.0,998,49.19105
0.0,504,52.650529
3.0,1020,60.183769
2.0,828,66.170142
3.0,1000,73.636255
