#{"t_start": 1724380305.8801532, "env_id": "BreakoutNoFrameskip-v4"}
r,l,t
7.0,1658,9.063403
1.0,715,12.382447
0.0,519,14.742621
0.0,519,16.967385
1.0,731,20.321577
3.0,1102,25.602601
2.0,879,29.891984
0.0,510,32.207213
1.0,632,35.091269
1.0,636,37.965875
2.0,890,42.144116
