#{"t_start": 1724389727.8306687, "env_id": "BreakoutNoFrameskip-v4"}
r,l,t
2.0,919,21.489339
4.0,1138,30.094574
1.0,648,34.689331
2.0,806,40.727958
0.0,537,44.400173
0.0,541,48.051263
0.0,513,51.631799
0.0,535,55.288426
5.0,1410,65.970214
0.0,504,69.436877
2.0,812,75.334482
