#{"t_start": 1724380301.8904305, "env_id": "BreakoutNoFrameskip-v4"}
r,l,t
1.0,734,8.252318
2.0,902,12.499298
1.0,720,15.836855
2.0,800,19.708119
2.0,902,23.945709
1.0,645,26.855347
1.0,625,29.68048
0.0,535,32.064235
2.0,811,35.900145
1.0,707,39.22824
0.0,511,41.512228
0.0,535,43.740718
1.0,631,46.581642
