#{"t_start": 1724380302.0367427, "env_id": "BreakoutNoFrameskip-v4"}
r,l,t
2.0,856,8.756694
0.0,529,11.088746
0.0,537,13.400349
2.0,905,17.786232
3.0,1013,22.688764
0.0,521,25.047517
1.0,641,27.907182
2.0,799,31.785392
1.0,706,35.117106
0.0,528,37.437035
0.0,508,39.765247
1.0,716,43.048561
1.0,620,45.860607
