#{"t_start": 1724389728.0709906, "env_id": "BreakoutNoFrameskip-v4"}
r,l,t
1.0,716,19.661122
1.0,641,24.261894
2.0,917,30.925611
3.0,936,37.941066
0.0,516,41.537347
3.0,1088,49.732184
0.0,537,53.432674
6.0,1446,64.50932
3.0,999,71.889438
0.0,535,75.531091
