#{"t_start": 1724380302.1852906, "env_id": "BreakoutNoFrameskip-v4"}
r,l,t
1.0,695,7.894497
7.0,1220,13.765917
0.0,503,16.057188
1.0,721,19.44036
4.0,1074,24.612392
0.0,523,26.966345
1.0,619,29.855657
0.0,533,32.236018
5.0,1342,38.729003
0.0,517,41.091216
