#{"t_start": 1724389728.3101962, "env_id": "BreakoutNoFrameskip-v4"}
r,l,t
0.0,499,17.836248
7.0,1302,27.808624
0.0,502,31.337974
2.0,759,36.777552
7.0,1310,46.661302
0.0,507,50.269279
0.0,507,53.913597
1.0,652,58.464965
4.0,1301,68.107063
3.0,993,75.525755
