#{"t_start": 1724380302.3364694, "env_id": "BreakoutNoFrameskip-v4"}
r,l,t
1.0,698,7.677974
1.0,720,10.92524
3.0,954,15.441868
0.0,529,17.834919
1.0,709,21.119767
1.0,692,24.352573
4.0,1210,30.255586
0.0,529,32.641376
5.0,1514,40.023393
1.0,706,43.249554
1.0,708,46.404524
