#{"t_start": 1724389728.549883, "env_id": "BreakoutNoFrameskip-v4"}
r,l,t
5.0,1332,24.207784
1.0,717,29.235471
3.0,1006,36.711461
0.0,529,40.401304
1.0,709,45.450002
5.0,1308,55.45396
2.0,902,62.146994
3.0,871,68.435646
2.0,838,74.446131
