#{"t_start": 1724389728.7907414, "env_id": "BreakoutNoFrameskip-v4"}
r,l,t
2.0,831,19.886408
0.0,532,23.590681
3.0,1011,31.143475
3.0,1006,38.681937
0.0,516,42.377367
0.0,517,45.946795
0.0,493,49.487407
1.0,629,53.988167
1.0,621,58.491813
6.0,1466,69.490684
0.0,522,73.100789
0.0,524,76.674178
