#{"t_start": 1724380302.4887657, "env_id": "BreakoutNoFrameskip-v4"}
r,l,t
1.0,651,7.25374
0.0,524,9.59011
0.0,517,11.877909
0.0,507,14.177417
0.0,501,16.49317
2.0,817,20.37441
6.0,1108,25.805851
2.0,816,29.620575
1.0,709,32.997685
3.0,1022,37.90362
0.0,521,40.211529
0.0,524,42.492635
0.0,539,44.799546
