#{"t_start": 1724380302.636329, "env_id": "BreakoutNoFrameskip-v4"}
r,l,t
0.0,528,6.444545
2.0,895,10.776625
0.0,518,13.048353
1.0,700,16.390232
0.0,521,18.782472
0.0,517,21.109747
1.0,698,24.422666
2.0,901,28.689066
0.0,527,31.017982
2.0,915,35.327483
7.0,1632,43.300001
0.0,524,45.621967
