#{"t_start": 1724389729.032367, "env_id": "BreakoutNoFrameskip-v4"}
r,l,t
0.0,521,17.125691
2.0,823,23.35796
1.0,629,27.819458
2.0,879,34.377489
0.0,521,38.039655
0.0,524,41.72853
3.0,926,48.693245
0.0,517,52.33619
2.0,919,59.055778
5.0,1406,69.481369
3.0,996,76.918049
