#{"t_start": 1724391980.6242404, "env_id": "BreakoutNoFrameskip-v4"}
r,l,t
5.0,1266,6.907706
3.0,1116,10.129588
