#{"t_start": 1724391980.7732503, "env_id": "BreakoutNoFrameskip-v4"}
r,l,t
0.0,543,4.470164
2.0,910,7.085831
1.0,710,9.072029
0.0,525,10.501416
