#{"t_start": 1724391982.098929, "env_id": "BreakoutNoFrameskip-v4"}
r,l,t
1.0,647,3.490217
0.0,528,4.91144
2.0,820,7.196656
0.0,535,8.572015
