#{"t_start": 1724391982.2468543, "env_id": "BreakoutNoFrameskip-v4"}
r,l,t
0.0,518,2.931568
0.0,504,4.343897
1.0,685,6.272832
0.0,528,7.691655
