#{"t_start": 1724391982.3936846, "env_id": "BreakoutNoFrameskip-v4"}
r,l,t
0.0,529,2.829571
2.0,909,5.428723
0.0,541,6.839838
0.0,537,8.244193
