#{"t_start": 1724391982.5407207, "env_id": "BreakoutNoFrameskip-v4"}
r,l,t
2.0,826,3.612615
1.0,640,5.376751
4.0,1192,8.8538
