#{"t_start": 1724391982.6865938, "env_id": "BreakoutNoFrameskip-v4"}
r,l,t
0.0,540,2.570977
0.0,533,3.982468
4.0,1126,7.268602
