#{"t_start": 1724391982.8353732, "env_id": "BreakoutNoFrameskip-v4"}
r,l,t
2.0,902,3.563859
0.0,533,5.005098
4.0,1101,8.152416
