#{"t_start": 1724391980.9211235, "env_id": "BreakoutNoFrameskip-v4"}
r,l,t
4.0,1206,6.452914
4.0,1212,9.974852
