#{"t_start": 1724391981.0685878, "env_id": "BreakoutNoFrameskip-v4"}
r,l,t
0.0,518,4.131104
0.0,515,5.505778
0.0,512,6.897851
1.0,696,8.835927
