#{"t_start": 1724391981.2174695, "env_id": "BreakoutNoFrameskip-v4"}
r,l,t
0.0,535,3.989708
4.0,1126,7.292292
0.0,520,8.694451
