#{"t_start": 1724391981.3655798, "env_id": "BreakoutNoFrameskip-v4"}
r,l,t
2.0,819,4.728787
0.0,515,6.104524
1.0,701,8.04231
0.0,520,9.458048
