#{"t_start": 1724391981.5159214, "env_id": "BreakoutNoFrameskip-v4"}
r,l,t
0.0,499,3.648042
2.0,806,5.991779
1.0,693,7.956436
