#{"t_start": 1724391981.6629822, "env_id": "BreakoutNoFrameskip-v4"}
r,l,t
2.0,910,4.758244
2.0,833,7.089158
