#{"t_start": 1724391981.8075995, "env_id": "BreakoutNoFrameskip-v4"}
r,l,t
0.0,531,3.407097
0.0,532,4.852865
2.0,810,7.176162
1.0,619,8.898492
