#{"t_start": 1724391981.9535875, "env_id": "BreakoutNoFrameskip-v4"}
r,l,t
0.0,520,3.21812
0.0,499,4.62989
2.0,813,6.936007
