#{"t_start": 1724392357.0207865, "env_id": "BreakoutNoFrameskip-v4"}
r,l,t
5.0,1422,15.12721
0.0,519,17.005493
2.0,926,20.565491
5.0,1348,25.918134
0.0,503,27.759174
1.0,649,30.148905
2.0,804,33.237702
1.0,719,35.901491
1.0,621,38.201512
2.0,746,41.106144
