#{"t_start": 1724392355.3088608, "env_id": "BreakoutNoFrameskip-v4"}
r,l,t
0.0,524,13.028168
1.0,720,15.741564
1.0,696,18.405454
0.0,507,20.310504
2.0,800,23.438192
1.0,701,26.101645
3.0,1010,30.11036
2.0,752,32.947078
0.0,510,34.823605
6.0,1528,40.834913
1.0,705,43.50019
