#{"t_start": 1724379344.281288, "env_id": "PongNoFrameskip-v4"}
r,l,t
-19.0,3680,21.319644
-21.0,3900,38.205511
