#{"t_start": 1724337528.4060564, "env_id": "PongNoFrameskip-v4"}
r,l,t
-19.0,4140,23.342002
-20.0,3549,38.800483
-21.0,3522,88.182329
-20.0,4340,107.558977
-19.0,4210,160.323945
-18.0,5023,216.592735
-16.0,5640,242.174561
-18.0,6845,307.128613
-13.0,9146,382.694435
-14.0,9762,460.845122
-13.0,8354,533.499988
-7.0,11673,657.118406
1.0,14978,795.285976
12.0,9590,873.142833
10.0,12345,962.617913
11.0,10825,1080.155116
