#{"t_start": 1724379344.4324522, "env_id": "PongNoFrameskip-v4"}
r,l,t
-20.0,4213,23.473743
-21.0,3375,38.011137
