#{"t_start": 1724337528.474652, "env_id": "PongNoFrameskip-v4"}
r,l,t
-21.0,3536,20.614084
-21.0,3996,38.036106
-20.0,4239,90.476122
-21.0,3670,106.951625
-18.0,5081,163.617903
-20.0,4133,181.640074
-20.0,5109,239.103486
-16.0,6334,301.776366
-16.0,6327,364.819452
-18.0,7805,434.085541
-19.0,7984,505.265795
-8.0,11507,591.896085
-8.0,11354,678.817313
2.0,14374,814.292375
7.0,12366,939.136194
11.0,12408,1028.68413
12.0,9629,1106.911261
