#{"t_start": 1724379345.7552927, "env_id": "PongNoFrameskip-v4"}
r,l,t
-20.0,3617,19.479315
-21.0,3408,34.218312
