#{"t_start": 1724337529.0702496, "env_id": "PongNoFrameskip-v4"}
r,l,t
-20.0,3984,21.915007
-21.0,3168,35.699755
-20.0,3711,85.849171
-20.0,3725,102.255907
-21.0,4339,155.852374
-21.0,4914,177.210042
-19.0,5269,235.292584
-20.0,6031,296.744838
-17.0,7170,363.357044
-17.0,7750,432.336927
-20.0,7237,464.836917
-12.0,10463,582.105911
-5.0,12309,673.39774
2.0,13505,804.875908
7.0,12638,896.755312
15.0,10236,1010.608777
12.0,9441,1088.043824
