#{"t_start": 1724379345.8997629, "env_id": "PongNoFrameskip-v4"}
r,l,t
-20.0,3600,19.312774
-20.0,3367,33.916946
