#{"t_start": 1724337529.1375256, "env_id": "PongNoFrameskip-v4"}
r,l,t
-21.0,3056,17.763036
-20.0,4059,35.5545
-21.0,4175,87.72571
-21.0,3524,103.340137
-20.0,4197,156.226583
-21.0,4401,175.357266
-19.0,5073,232.500608
-21.0,4897,288.899035
-18.0,6730,319.102429
-9.0,10833,436.484565
-18.0,6145,464.055369
-12.0,9132,575.493059
-14.0,8113,647.725932
3.0,15000,751.318541
6.0,13104,879.803878
14.0,9320,955.792711
10.0,12108,1078.871024
