#{"t_start": 1724337529.2038517, "env_id": "PongNoFrameskip-v4"}
r,l,t
-21.0,3296,18.777308
-21.0,3056,32.101512
-20.0,3978,83.335047
-17.0,5462,107.900779
-20.0,4474,161.691404
-21.0,4224,180.049506
-18.0,6152,242.311355
-17.0,5770,302.386455
-21.0,4446,322.256104
-15.0,7365,389.939485
-16.0,7030,455.586699
-15.0,8009,526.813977
-12.0,11741,650.750458
3.0,15693,792.181767
4.0,13483,887.764994
15.0,8682,960.556928
15.0,8825,1034.535793
19.0,7546,1103.528479
