#{"t_start": 1724337529.2750573, "env_id": "PongNoFrameskip-v4"}
r,l,t
-21.0,3056,17.650832
-20.0,3712,33.809427
-21.0,3598,83.472658
-21.0,3840,100.453405
-20.0,3836,151.887847
-19.0,3799,168.52228
-21.0,4765,223.908166
-20.0,4943,246.184473
-15.0,7551,314.355949
-17.0,7896,384.294804
-13.0,9009,458.939663
-9.0,9453,536.542005
-8.0,10260,653.886462
3.0,14705,790.827095
6.0,11262,876.128571
11.0,11614,962.279562
17.0,8409,1034.328457
18.0,7911,1104.940392
