#{"t_start": 1724379346.1864784, "env_id": "PongNoFrameskip-v4"}
r,l,t
-19.0,4219,21.799648
-21.0,3280,35.889091
