#{"t_start": 1724379346.3299894, "env_id": "PongNoFrameskip-v4"}
r,l,t
-19.0,4024,20.766819
-21.0,3304,34.932308
