#{"t_start": 1724337529.3412702, "env_id": "PongNoFrameskip-v4"}
r,l,t
-21.0,4016,21.796814
-21.0,3296,36.150453
-20.0,3796,86.7036
-19.0,4452,106.652984
-18.0,4418,160.291414
-20.0,4264,178.808829
-20.0,5459,237.866252
-15.0,6553,301.545242
-18.0,5151,359.161291
-16.0,7842,394.53436
-17.0,6865,459.484794
-17.0,7658,529.073757
-14.0,8788,603.820409
-3.0,14005,738.518871
7.0,12645,864.993645
14.0,10309,945.620912
13.0,10831,1028.238968
18.0,7780,1098.156877
