#{"t_start": 1724337529.4059613, "env_id": "PongNoFrameskip-v4"}
r,l,t
-19.0,4160,22.420144
-20.0,4539,76.212398
-20.0,4094,94.052379
-21.0,3784,145.212255
-20.0,4812,166.359545
-20.0,5318,224.223476
-19.0,5833,250.575388
-14.0,7390,318.046993
-13.0,7841,387.92696
-16.0,7735,456.692176
-13.0,9626,535.195252
-11.0,10659,654.308623
1.0,14889,792.143633
7.0,13346,887.148568
8.0,11044,1004.516519
20.0,7470,1038.253744
18.0,7721,1107.923545
