#{"t_start": 1724379346.614786, "env_id": "PongNoFrameskip-v4"}
r,l,t
-21.0,3408,17.717295
-21.0,3056,30.923535
