#{"t_start": 1724337529.4721177, "env_id": "PongNoFrameskip-v4"}
r,l,t
-21.0,3615,19.922912
-21.0,3296,34.269954
-19.0,4126,86.334169
-21.0,4104,104.648614
-17.0,4632,159.375859
-19.0,4152,177.388339
-20.0,5060,234.516122
-17.0,6968,300.072633
-17.0,7092,366.460523
-18.0,6467,429.688152
-13.0,8600,503.764883
-10.0,11515,590.468077
-11.0,9509,669.074196
-5.0,14529,805.21033
-3.0,12499,896.434509
8.0,11890,1017.843608
17.0,8497,1090.975238
