#{"t_start": 1724379346.7564414, "env_id": "PongNoFrameskip-v4"}
r,l,t
-21.0,3648,18.705283
-21.0,3739,34.872188
