#{"t_start": 1724337529.5383458, "env_id": "PongNoFrameskip-v4"}
r,l,t
-21.0,3483,19.208028
-19.0,4018,36.752012
-20.0,3975,88.038376
-20.0,3721,104.622475
-19.0,4847,160.258104
-21.0,4104,178.020876
-20.0,5653,237.927157
-19.0,6486,301.207036
-20.0,8148,372.382524
-14.0,7664,441.11975
-17.0,9012,516.633301
-10.0,11326,602.858864
-4.0,12542,731.002036
5.0,13945,863.398713
12.0,10985,947.003447
13.0,10121,1026.451555
17.0,7758,1096.134653
