#{"t_start": 1724337529.6054232, "env_id": "PongNoFrameskip-v4"}
r,l,t
-20.0,3510,19.306136
-20.0,3901,36.332958
-20.0,4815,91.358111
-21.0,3520,107.234402
-16.0,4847,162.756555
-17.0,5286,220.362772
-16.0,7088,286.593612
-13.0,8253,358.087014
-18.0,6631,388.065523
-16.0,6301,450.589048
-13.0,11032,535.191462
-13.0,8586,609.141387
-5.0,13208,740.232148
2.0,17438,888.536712
15.0,9080,963.033964
16.0,9615,1040.58253
19.0,7694,1109.984001
