#{"t_start": 1724379346.8984365, "env_id": "PongNoFrameskip-v4"}
r,l,t
-21.0,3356,17.266052
-19.0,4236,35.70658
