#{"t_start": 1724379347.0404356, "env_id": "PongNoFrameskip-v4"}
r,l,t
-21.0,3536,17.89135
-21.0,3893,34.717031
