#{"t_start": 1724337529.6707616, "env_id": "PongNoFrameskip-v4"}
r,l,t
-19.0,4061,21.679388
-21.0,3536,37.070527
-21.0,3243,85.111609
-21.0,3780,101.86919
-14.0,6036,162.940699
-21.0,4803,218.28016
-20.0,4409,238.238072
-19.0,6441,301.377859
-16.0,7616,370.176038
-15.0,7932,440.051418
-11.0,9998,519.985484
-8.0,11775,608.196111
-3.0,15088,747.924047
3.0,14132,881.128817
12.0,11288,965.556196
12.0,9957,1079.255162
