#{"t_start": 1724379344.5784996, "env_id": "PongNoFrameskip-v4"}
r,l,t
-20.0,3624,20.811173
-21.0,4044,38.337664
