#{"t_start": 1724337528.5419893, "env_id": "PongNoFrameskip-v4"}
r,l,t
-18.0,4133,23.186446
-19.0,3928,40.264971
-20.0,3367,88.944356
-20.0,3729,105.531737
-17.0,5882,165.682324
-17.0,5603,224.806002
-19.0,5203,248.263891
-20.0,4935,304.583864
-18.0,5261,362.727005
-15.0,7053,394.447274
-16.0,9725,507.534753
-11.0,10904,591.575254
-10.0,10773,675.865038
7.0,13019,805.129861
5.0,13687,935.84925
13.0,12170,1024.429224
18.0,7999,1095.314961
