#{"t_start": 1724337529.7366533, "env_id": "PongNoFrameskip-v4"}
r,l,t
-21.0,3483,19.120562
-20.0,4364,38.243692
-20.0,5476,96.234299
-19.0,4605,151.036496
-21.0,5404,174.637179
-20.0,4724,230.118423
-19.0,6083,291.953809
-13.0,7252,358.865516
-18.0,6251,387.053219
-18.0,7811,456.187487
-15.0,9193,532.768438
-8.0,11474,655.464656
-6.0,13393,751.753173
7.0,12837,878.978468
11.0,10652,960.82692
13.0,11291,1080.506338
