#{"t_start": 1724379347.185292, "env_id": "PongNoFrameskip-v4"}
r,l,t
-21.0,3880,19.338376
-21.0,3656,35.074136
