#{"t_start": 1724337529.802645, "env_id": "PongNoFrameskip-v4"}
r,l,t
-21.0,3408,18.62798
-20.0,3547,34.088546
-21.0,4115,86.096024
-21.0,3729,102.657162
-18.0,4527,157.028105
-21.0,3432,171.915334
-15.0,6275,234.448448
-17.0,6365,297.418446
-18.0,6410,360.560321
-17.0,6882,391.521172
-17.0,8441,463.599481
-12.0,9970,578.730331
-11.0,11043,664.35218
-5.0,14537,800.368506
5.0,13009,893.92219
14.0,10548,1009.112434
18.0,8292,1081.200347
