#{"t_start": 1724379347.329931, "env_id": "PongNoFrameskip-v4"}
r,l,t
-20.0,3609,18.009121
-20.0,3954,35.144344
