#{"t_start": 1724337529.8699303, "env_id": "PongNoFrameskip-v4"}
r,l,t
-20.0,4037,21.454276
-19.0,4614,75.558695
-20.0,3794,92.158357
-20.0,3367,107.261184
-19.0,5268,164.608093
-19.0,4720,219.666924
-17.0,6371,248.415534
-19.0,5228,306.096884
-17.0,6542,370.000951
-19.0,5310,393.858764
-18.0,6980,459.239177
-13.0,8296,531.765835
-16.0,8601,605.771373
-6.0,11664,729.883462
9.0,12821,822.54698
9.0,10397,938.441411
16.0,8608,1010.689482
14.0,9864,1090.151438
