#{"t_start": 1724337529.9355674, "env_id": "PongNoFrameskip-v4"}
r,l,t
-20.0,3543,19.141299
-21.0,3408,34.012112
-20.0,3659,83.879143
-20.0,3925,101.174791
-21.0,3446,150.898928
-21.0,4357,169.895363
-19.0,5206,227.27815
-19.0,5309,251.281459
-20.0,5831,311.652028
-16.0,7791,381.050859
-12.0,9076,456.071094
-14.0,9318,533.115108
-15.0,8574,607.001168
2.0,14823,745.490721
-3.0,14106,878.447482
14.0,8951,952.836948
14.0,8673,1025.924258
17.0,8471,1098.971426
