#{"t_start": 1724379347.615859, "env_id": "PongNoFrameskip-v4"}
r,l,t
-20.0,3607,17.682822
-21.0,3536,32.947703
