#{"t_start": 1724379347.758253, "env_id": "PongNoFrameskip-v4"}
r,l,t
-21.0,3056,15.014989
-21.0,3408,29.789788
