#{"t_start": 1724337530.0052862, "env_id": "PongNoFrameskip-v4"}
r,l,t
-18.0,4524,23.464896
-21.0,3300,37.816768
-20.0,4147,89.931176
-20.0,4317,109.462062
-20.0,5678,168.385849
-19.0,5348,226.473952
-18.0,5994,287.774348
-16.0,6086,315.031693
-17.0,6183,377.25585
-15.0,8642,450.378052
-12.0,7941,521.07727
-16.0,8952,596.608519
-5.0,14685,734.480108
-6.0,12843,861.919784
16.0,8879,936.074486
15.0,9372,1011.72392
14.0,10543,1094.292385
