#{"t_start": 1724337530.0722983, "env_id": "PongNoFrameskip-v4"}
r,l,t
-20.0,3998,21.074693
-21.0,3056,34.301154
-20.0,3552,83.685451
-19.0,4180,102.304474
-18.0,5179,159.637336
-20.0,3818,176.19228
-20.0,4533,230.89446
-20.0,5814,291.448905
-18.0,6605,320.916569
-15.0,7836,390.666978
-14.0,8150,461.451752
-16.0,10567,579.206563
-8.0,11894,668.586249
5.0,14543,804.676165
6.0,13216,933.282272
12.0,10665,1014.962738
12.0,9648,1093.373401
