#{"t_start": 1724379347.9007592, "env_id": "PongNoFrameskip-v4"}
r,l,t
-20.0,3780,18.196429
-21.0,3653,33.9573
