#{"t_start": 1724379348.0519993, "env_id": "PongNoFrameskip-v4"}
r,l,t
-20.0,3703,17.635938
-21.0,3768,33.846595
