#{"t_start": 1724337530.1382842, "env_id": "PongNoFrameskip-v4"}
r,l,t
-20.0,3839,20.24841
-20.0,3516,35.602809
-20.0,3512,84.825878
-19.0,4276,103.881496
-20.0,4071,156.149801
-20.0,3679,172.193644
-18.0,4865,228.193962
-17.0,5343,286.602292
-14.0,7158,318.692754
-14.0,7248,385.812041
-17.0,6615,449.812115
-11.0,9820,529.014344
-12.0,9717,607.895076
-7.0,13681,741.19757
11.0,10757,824.489723
12.0,10746,941.891831
9.0,11345,1026.756252
19.0,8192,1098.573967
