#{"t_start": 1724379348.195732, "env_id": "PongNoFrameskip-v4"}
r,l,t
-21.0,3296,15.711586
-21.0,3189,29.497874
