#{"t_start": 1724337530.204202, "env_id": "PongNoFrameskip-v4"}
r,l,t
-21.0,3738,19.764789
-20.0,4159,37.995599
-21.0,4336,90.976807
-15.0,5536,149.892548
-20.0,4209,168.315228
-17.0,5894,228.809765
-20.0,3888,246.355669
-20.0,5892,307.001412
-20.0,5811,367.559967
-14.0,7835,436.927827
-16.0,7732,506.945009
-13.0,10310,588.470734
-6.0,14274,724.469511
10.0,12124,813.906585
1.0,14577,948.419157
10.0,10516,1029.625628
15.0,8882,1104.559938
