#{"t_start": 1724337530.2743504, "env_id": "PongNoFrameskip-v4"}
r,l,t
-19.0,4407,22.732857
-20.0,3751,39.047801
-21.0,4020,90.654258
-17.0,4811,146.352109
-18.0,5701,171.289163
-19.0,4592,226.118138
-18.0,4612,247.020954
-16.0,6057,308.461811
-17.0,5735,368.70236
-19.0,8055,439.125464
-16.0,9675,517.721071
-8.0,12426,608.880304
-5.0,11153,730.777229
6.0,13147,824.830903
16.0,8434,897.562226
16.0,9589,1008.466662
15.0,10153,1089.237178
