#{"t_start": 1724379348.4810464, "env_id": "PongNoFrameskip-v4"}
r,l,t
-19.0,4599,21.202436
-21.0,3168,34.780062
