#{"t_start": 1724337530.344537, "env_id": "PongNoFrameskip-v4"}
r,l,t
-21.0,3540,18.794766
-21.0,3056,32.050874
-21.0,3296,80.356836
-21.0,3485,95.656632
-20.0,3917,147.345133
-20.0,4607,167.633162
-20.0,4123,220.077003
-19.0,5627,245.458065
-20.0,6597,309.26909
-18.0,5847,370.015758
-16.0,7705,438.919477
-15.0,8186,510.876182
-14.0,9682,589.561543
-6.0,11677,677.937791
1.0,15276,817.565538
8.0,12220,941.565186
13.0,10054,1020.50457
19.0,7378,1088.51702
