#{"t_start": 1724379344.7225823, "env_id": "PongNoFrameskip-v4"}
r,l,t
-21.0,3056,18.083001
-20.0,3367,32.648928
