#{"t_start": 1724337528.6075003, "env_id": "PongNoFrameskip-v4"}
r,l,t
-19.0,4183,23.321283
-20.0,3659,39.185102
-21.0,3243,87.320476
-21.0,4197,106.099457
-20.0,4273,159.163269
-20.0,3549,174.560068
-21.0,5067,231.541263
-18.0,6579,295.628197
-16.0,7521,363.778713
-14.0,7698,432.491767
-15.0,9102,508.624075
-8.0,13863,606.193982
-6.0,13204,737.256597
-6.0,13446,867.347719
12.0,10180,947.335742
18.0,7979,1016.968037
16.0,8398,1089.688697
