#{"t_start": 1724379348.6236963, "env_id": "PongNoFrameskip-v4"}
r,l,t
-21.0,3300,15.326567
-21.0,3780,31.780518
