#{"t_start": 1724337530.4093108, "env_id": "PongNoFrameskip-v4"}
r,l,t
-21.0,3208,17.216597
-19.0,4952,38.887094
-21.0,3615,88.650839
-20.0,3966,106.514725
-21.0,4147,158.980622
-19.0,4327,177.767865
-18.0,5830,238.510339
-20.0,4920,294.888535
-18.0,5261,318.333233
-18.0,6222,380.662588
-14.0,7440,448.464618
-15.0,10384,530.354048
-7.0,11909,654.917178
5.0,13956,753.694997
10.0,11590,875.224024
8.0,12791,966.531478
15.0,9637,1078.882536
