#{"t_start": 1724337530.4760568, "env_id": "PongNoFrameskip-v4"}
r,l,t
-20.0,3350,17.750995
-21.0,3469,32.857973
-21.0,3304,81.182908
-21.0,3368,96.025196
-21.0,3300,144.984338
-17.0,4987,166.935609
-17.0,5737,226.628913
-18.0,5939,287.722693
-20.0,5247,311.262027
-16.0,7987,381.607698
-15.0,7807,450.918807
-11.0,11645,573.658419
-10.0,9678,652.983148
-3.0,13815,751.2626
3.0,15696,891.599005
13.0,9412,967.490159
11.0,10810,1085.284621
