#{"t_start": 1724379348.7646368, "env_id": "PongNoFrameskip-v4"}
r,l,t
-21.0,4376,19.987263
-21.0,3296,34.170255
