#{"t_start": 1724379344.8681192, "env_id": "PongNoFrameskip-v4"}
r,l,t
-20.0,3519,19.933849
-19.0,3920,36.939825
