#{"t_start": 1724337528.673822, "env_id": "PongNoFrameskip-v4"}
r,l,t
-19.0,5049,27.165242
-21.0,3520,76.498719
-21.0,3636,92.345453
-20.0,3615,108.658983
-20.0,4641,163.187028
-17.0,5508,221.760029
-19.0,5161,245.153898
-14.0,6884,310.24712
-17.0,6580,374.289058
-18.0,7914,444.182885
-16.0,9262,520.842538
-13.0,11197,606.579713
-7.0,13242,737.816597
7.0,11557,824.653336
14.0,9207,935.040854
12.0,9706,1012.333941
7.0,11989,1101.444323
