#{"t_start": 1724379345.0152366, "env_id": "PongNoFrameskip-v4"}
r,l,t
-21.0,3300,18.801191
-20.0,3479,33.899169
