#{"t_start": 1724337528.7405698, "env_id": "PongNoFrameskip-v4"}
r,l,t
-20.0,3787,21.341753
-21.0,3131,34.902002
-20.0,3370,83.552993
-21.0,4352,102.815182
-18.0,4618,157.63055
-20.0,3984,174.981213
-17.0,5465,233.836774
-18.0,6755,298.61994
-16.0,6520,362.258422
-10.0,9621,439.746326
-12.0,10687,522.884997
-16.0,7299,590.886012
-10.0,9838,671.011123
3.0,15102,809.663289
14.0,9821,888.728636
9.0,11128,1006.548493
14.0,9290,1083.21817
