#{"t_start": 1724337528.8074205, "env_id": "PongNoFrameskip-v4"}
r,l,t
-20.0,3951,22.041672
-21.0,3296,36.386964
-20.0,4344,89.333799
-19.0,4241,108.375429
-19.0,4959,164.375999
-19.0,4706,219.344188
-20.0,4948,241.754605
-15.0,6089,303.323007
-18.0,7294,370.604
-15.0,6933,435.961309
-13.0,8790,510.657436
-13.0,10197,591.587808
-5.0,13839,725.633789
-6.0,12134,815.099162
5.0,12663,941.131308
14.0,10781,1023.348236
17.0,8666,1097.261325
