#{"t_start": 1724379345.1608138, "env_id": "PongNoFrameskip-v4"}
r,l,t
-20.0,3373,19.109236
-20.0,3719,35.255166
