#{"t_start": 1724379345.3042114, "env_id": "PongNoFrameskip-v4"}
r,l,t
-21.0,3864,21.12147
-21.0,3520,36.210858
