#{"t_start": 1724337528.8727427, "env_id": "PongNoFrameskip-v4"}
r,l,t
-20.0,3719,20.981832
-20.0,3684,37.050808
-20.0,4617,91.170422
-21.0,3131,105.161102
-21.0,4667,160.083134
-18.0,4887,215.816041
-18.0,4542,236.361872
-15.0,7084,302.408666
-16.0,7810,372.025923
-13.0,6431,435.171279
-12.0,9583,513.412684
-9.0,9172,589.815619
-11.0,11168,675.808419
6.0,13791,808.605286
4.0,13328,937.7436
11.0,10255,1017.545978
18.0,7805,1087.49119
