#{"t_start": 1724379345.4672766, "env_id": "PongNoFrameskip-v4"}
r,l,t
-21.0,3648,19.949467
-21.0,4020,37.360852
