#{"t_start": 1724337528.9386523, "env_id": "PongNoFrameskip-v4"}
r,l,t
-20.0,3925,21.848498
-20.0,3659,37.87372
-20.0,3969,89.124449
-18.0,4506,109.466745
-18.0,4588,163.777758
-19.0,4726,218.805594
-17.0,5707,244.655574
-21.0,5005,301.335496
-16.0,6407,364.648718
-16.0,7749,433.584414
-15.0,8349,506.364416
-12.0,8975,581.73846
-10.0,9995,662.676426
-2.0,14749,799.714954
2.0,15460,938.596259
13.0,9361,1014.244841
16.0,9061,1089.992882
