#{"t_start": 1724379345.6123683, "env_id": "PongNoFrameskip-v4"}
r,l,t
-21.0,3296,18.211794
-20.0,4279,36.899799
