#{"t_start": 1724337529.0042946, "env_id": "PongNoFrameskip-v4"}
r,l,t
-21.0,3548,20.04241
-20.0,3479,35.216715
-20.0,4038,86.760787
-19.0,4342,106.237999
-21.0,4008,158.125386
-19.0,4713,178.624487
-19.0,4776,234.434988
-19.0,5408,293.158654
-16.0,5752,318.74277
-16.0,6821,383.876081
-11.0,9779,462.072543
-8.0,11528,584.255985
-11.0,10733,668.437674
-3.0,14462,804.217424
6.0,12725,896.421259
13.0,10237,1010.298522
11.0,9889,1089.726061
